path	bytes	lines	commits	bug_commits	commits_per_kloc	bugs_per_kloc	bugs_per_commit	cognitive_complexity	complexity_per_kloc	fan_in	fan_out	committers
petclinic-backend/src/main/java/victor/training/petclinic/security/CorsConfig.java	1058	21	3	1	142.86	47.62	0.333	0	0.00	0	0	1
petclinic-backend/src/main/java/victor/training/petclinic/rest/SpecialtyFeed.java	1808	47	5	1	106.38	21.28	0.200	0	0.00	2	2	1
petclinic-backend/src/main/java/victor/training/petclinic/mcp/PetClinicMcp.java	10769	222	10	0	45.05	0.00	0.000	17	76.58	0	7	1
petclinic-backend/src/main/java/victor/training/petclinic/rest/OwnerRestController.java	7641	162	8	0	49.38	0.00	0.000	0	0.00	0	16	1
petclinic-backend/src/main/java/victor/training/petclinic/repository/OwnerRepository.java	636	25	7	0	280.00	0.00	0.000	0	0.00	2	1	1
petclinic-backend/src/main/java/victor/training/petclinic/rest/SpecialtyRestController.java	3400	73	7	0	95.89	0.00	0.000	0	0.00	1	6	1
petclinic-backend/src/main/java/victor/training/petclinic/rest/dto/OwnerDto.java	1827	58	7	0	120.69	0.00	0.000	0	0.00	2	1	1
petclinic-backend/src/main/java/victor/training/petclinic/rest/dto/SpecialtyDto.java	796	24	6	0	250.00	0.00	0.000	0	0.00	4	0	1
petclinic-database/src/main/java/ro/victorrentea/petclinic/db/PostgresLauncher.java	3150	82	6	0	73.17	0.00	0.000	5	60.98	0	1	1
petclinic-backend/src/main/java/victor/training/petclinic/mcp/McpSecurity.java	4963	109	5	0	45.87	0.00	0.000	6	55.05	1	0	1
petclinic-backend/src/main/java/victor/training/petclinic/rest/PetTypeRestController.java	3513	80	5	0	62.50	0.00	0.000	1	12.50	0	6	1
petclinic-backend/src/main/java/victor/training/petclinic/rest/VisitRestController.java	3480	82	5	0	60.98	0.00	0.000	0	0.00	0	6	1
petclinic-backend/src/main/java/victor/training/petclinic/PetClinicApplication.java	1105	30	4	0	133.33	0.00	0.000	0	0.00	0	0	1
petclinic-backend/src/main/java/victor/training/petclinic/rest/VetRestController.java	3706	92	4	0	43.48	0.00	0.000	2	21.74	0	8	1
petclinic-backend/src/main/java/victor/training/petclinic/rest/PetRestController.java	2287	60	4	0	66.67	0.00	0.000	0	0.00	0	5	1
petclinic-backend/src/main/java/victor/training/petclinic/rest/error/ExceptionControllerAdvice.java	4269	90	4	0	44.44	0.00	0.000	0	0.00	0	2	1
petclinic-chatbot/src/main/java/victor/training/petclinic/chatbot/ChatbotApp.java	1436	33	3	0	90.91	0.00	0.000	0	0.00	0	0	1
petclinic-chatbot/src/main/java/victor/training/petclinic/chatbot/firefighter/Service.java	1625	46	3	0	65.22	0.00	0.000	0	0.00	5	2	1
petclinic-backend/src/main/java/victor/training/petclinic/repository/UserRepository.java	245	8	3	0	375.00	0.00	0.000	0	0.00	1	1	1
petclinic-backend/src/main/java/victor/training/petclinic/security/BasicAuthenticationConfig.java	2254	54	3	0	55.56	0.00	0.000	0	0.00	0	0	2
petclinic-backend/src/main/java/victor/training/petclinic/rest/RootRestController.java	658	22	3	0	136.36	0.00	0.000	0	0.00	0	0	1
petclinic-backend/src/main/java/victor/training/petclinic/rest/UserRestController.java	1776	49	3	0	61.22	0.00	0.000	7	142.86	0	5	1
petclinic-backend/src/main/java/victor/training/petclinic/rest/ApiExamples.java	3477	70	3	0	42.86	0.00	0.000	0	0.00	6	0	1
petclinic-backend/src/main/java/victor/training/petclinic/rest/dto/OwnerFieldsDto.java	1041	36	3	0	83.33	0.00	0.000	0	0.00	2	0	1
petclinic-backend/src/main/java/victor/training/petclinic/rest/dto/PetTypeFieldsDto.java	337	13	3	0	230.77	0.00	0.000	0	0.00	2	0	1
petclinic-backend/src/main/java/victor/training/petclinic/rest/dto/VisitDto.java	1633	45	3	0	66.67	0.00	0.000	0	0.00	3	0	1
petclinic-backend/src/main/java/victor/training/petclinic/rest/error/ValidationErrorExtractor.java	2858	74	3	0	40.54	0.00	0.000	20	270.27	1	0	1
petclinic-backend/src/main/java/victor/training/petclinic/rest/error/ValidationErrorFieldExtractor.java	2225	58	3	0	51.72	0.00	0.000	17	293.10	1	0	1
refactoring-legacy/src/main/java/victor/training/petclinic/rewrite/ListGetFirst.java	1736	39	2	0	51.28	0.00	0.000	1	25.64	0	1	1
refactoring-legacy/src/main/java/victor/training/petclinic/rewrite/InlineSingleUseLocalVariable.java	11165	248	2	0	8.06	0.00	0.000	23	92.74	1	0	1
petclinic-chatbot/src/main/java/victor/training/petclinic/chatbot/assistant/JudgeGuard.java	6557	125	2	0	16.00	0.00	0.000	3	24.00	1	0	1
petclinic-chatbot/src/main/java/victor/training/petclinic/chatbot/assistant/SecurityConfig.java	4147	75	2	0	26.67	0.00	0.000	1	13.33	1	1	1
petclinic-chatbot/src/main/java/victor/training/petclinic/chatbot/assistant/OwnerJwtPrincipal.java	2579	62	2	0	32.26	0.00	0.000	8	129.03	3	2	1
petclinic-chatbot/src/main/java/victor/training/petclinic/chatbot/assistant/ChatHistory.java	1853	52	2	0	38.46	0.00	0.000	2	38.46	1	1	1
petclinic-chatbot/src/main/java/victor/training/petclinic/chatbot/assistant/TokenCostMeter.java	3709	84	2	0	23.81	0.00	0.000	6	71.43	1	0	1
petclinic-chatbot/src/main/java/victor/training/petclinic/chatbot/assistant/RemoteToolsConfig.java	3438	63	2	0	31.75	0.00	0.000	3	47.62	1	1	1
petclinic-chatbot/src/main/java/victor/training/petclinic/chatbot/assistant/LocalTools.java	2294	49	2	0	40.82	0.00	0.000	2	40.82	1	0	1
petclinic-chatbot/src/main/java/victor/training/petclinic/chatbot/assistant/RagIngestion.java	6533	153	2	0	13.07	0.00	0.000	21	137.25	0	0	1
petclinic-chatbot/src/main/java/victor/training/petclinic/chatbot/assistant/Assistant.java	13283	228	2	0	8.77	0.00	0.000	2	8.77	1	5	1
petclinic-chatbot/src/main/java/victor/training/petclinic/chatbot/diagram/AgentStateDiagram.java	5573	129	2	0	15.50	0.00	0.000	26	201.55	0	0	1
petclinic-chatbot/src/main/java/victor/training/petclinic/chatbot/firefighter/ServiceHealth.java	234	5	2	0	400.00	0.00	0.000	0	0.00	2	1	1
petclinic-chatbot/src/main/java/victor/training/petclinic/chatbot/firefighter/FirefighterGuard.java	6081	139	2	0	14.39	0.00	0.000	10	71.94	5	3	1
petclinic-chatbot/src/main/java/victor/training/petclinic/chatbot/firefighter/MetricsSnapshot.java	239	7	2	0	285.71	0.00	0.000	0	0.00	2	0	1
petclinic-chatbot/src/main/java/victor/training/petclinic/chatbot/firefighter/ProcessControl.java	931	24	2	0	83.33	0.00	0.000	0	0.00	4	2	1
petclinic-chatbot/src/main/java/victor/training/petclinic/chatbot/firefighter/RealProcessControl.java	3688	87	2	0	22.99	0.00	0.000	6	68.97	2	2	1
petclinic-chatbot/src/main/java/victor/training/petclinic/chatbot/firefighter/FirefighterAgent.java	8842	184	2	0	10.87	0.00	0.000	18	97.83	1	10	1
petclinic-chatbot/src/main/java/victor/training/petclinic/chatbot/firefighter/FirefighterController.java	1679	38	2	0	52.63	0.00	0.000	0	0.00	0	1	1
petclinic-chatbot/src/main/java/victor/training/petclinic/chatbot/firefighter/HealthProbe.java	3764	90	2	0	22.22	0.00	0.000	7	77.78	1	3	1
petclinic-chatbot/src/main/java/victor/training/petclinic/chatbot/firefighter/GrafanaFindings.java	714	17	2	0	117.65	0.00	0.000	0	0.00	2	0	1
petclinic-chatbot/src/main/java/victor/training/petclinic/chatbot/firefighter/RestartResult.java	890	18	2	0	111.11	0.00	0.000	0	0.00	2	2	1
petclinic-chatbot/src/main/java/victor/training/petclinic/chatbot/firefighter/GrafanaClient.java	4579	108	2	0	18.52	0.00	0.000	6	55.56	1	1	1
petclinic-chatbot/src/main/java/victor/training/petclinic/chatbot/triage/TriageController.java	1454	35	2	0	57.14	0.00	0.000	0	0.00	0	1	1
petclinic-chatbot/src/main/java/victor/training/petclinic/chatbot/triage/PetTriageAgent.java	4830	106	2	0	18.87	0.00	0.000	4	37.74	1	0	1
petclinic-backend/src/main/java/victor/training/petclinic/repository/PetRepository.java	604	25	2	0	80.00	0.00	0.000	0	0.00	3	2	1
petclinic-backend/src/main/java/victor/training/petclinic/repository/PetTypeRepository.java	422	19	2	0	105.26	0.00	0.000	0	0.00	2	1	1
petclinic-backend/src/main/java/victor/training/petclinic/repository/VisitRepository.java	613	24	2	0	83.33	0.00	0.000	0	0.00	3	1	1
petclinic-backend/src/main/java/victor/training/petclinic/repository/SpecialtyRepository.java	529	22	2	0	90.91	0.00	0.000	0	0.00	3	1	1
petclinic-backend/src/main/java/victor/training/petclinic/repository/VetRepository.java	590	21	2	0	95.24	0.00	0.000	0	0.00	1	1	1
petclinic-backend/src/main/java/victor/training/petclinic/security/DisableSecurityConfig.java	1124	29	2	0	68.97	0.00	0.000	0	0.00	0	0	1
petclinic-backend/src/main/java/victor/training/petclinic/mapper/VetMapper.java	566	21	2	0	95.24	0.00	0.000	0	0.00	1	4	1
petclinic-backend/src/main/java/victor/training/petclinic/mapper/SpecialtyMapper.java	522	19	2	0	105.26	0.00	0.000	0	0.00	3	2	1
petclinic-backend/src/main/java/victor/training/petclinic/mapper/PetMapper.java	1127	37	2	0	54.05	0.00	0.000	0	0.00	4	6	1
petclinic-backend/src/main/java/victor/training/petclinic/mapper/PetTypeMapper.java	628	21	2	0	95.24	0.00	0.000	0	0.00	1	3	1
petclinic-backend/src/main/java/victor/training/petclinic/mapper/UserMapper.java	308	14	2	0	142.86	0.00	0.000	0	0.00	1	2	1
petclinic-backend/src/main/java/victor/training/petclinic/mapper/OwnerMapper.java	620	22	2	0	90.91	0.00	0.000	0	0.00	1	4	1
petclinic-backend/src/main/java/victor/training/petclinic/mapper/VisitMapper.java	1098	31	2	0	64.52	0.00	0.000	0	0.00	3	4	1
petclinic-backend/src/main/java/victor/training/petclinic/domain/Vet.java	1060	46	2	0	43.48	0.00	0.000	0	0.00	3	1	1
petclinic-backend/src/main/java/victor/training/petclinic/domain/User.java	738	36	2	0	55.56	0.00	0.000	1	27.78	4	1	1
petclinic-backend/src/main/java/victor/training/petclinic/domain/Owner.java	2645	95	2	0	21.05	0.00	0.000	1	10.53	5	1	1
petclinic-backend/src/main/java/victor/training/petclinic/domain/Role.java	549	26	2	0	76.92	0.00	0.000	0	0.00	2	1	1
petclinic-backend/src/main/java/victor/training/petclinic/rest/dto/PetTypeDto.java	450	19	2	0	105.26	0.00	0.000	0	0.00	5	0	1
petclinic-backend/src/main/java/victor/training/petclinic/rest/dto/VisitFieldsDto.java	698	23	2	0	86.96	0.00	0.000	0	0.00	3	0	1
petclinic-backend/src/main/java/victor/training/petclinic/rest/dto/VetDto.java	1120	38	2	0	52.63	0.00	0.000	0	0.00	2	1	1
petclinic-backend/src/main/java/victor/training/petclinic/rest/dto/PetDto.java	1473	48	2	0	41.67	0.00	0.000	0	0.00	4	2	1
petclinic-backend/src/main/java/victor/training/petclinic/rest/dto/UserDto.java	876	31	2	0	64.52	0.00	0.000	0	0.00	2	1	1
petclinic-database/src/main/java/ro/victorrentea/petclinic/db/NetworkLatencyProxy.java	3791	115	2	0	17.39	0.00	0.000	11	95.65	1	0	1
petclinic-backend/src/main/java/victor/training/petclinic/security/Roles.java	288	11	1	0	90.91	0.00	0.000	0	0.00	0	0	1
petclinic-backend/src/main/java/victor/training/petclinic/mcp/McpTomcatCustomizer.java	1943	42	1	0	23.81	0.00	0.000	3	71.43	0	0	1
petclinic-backend/src/main/java/victor/training/petclinic/domain/Pet.java	1907	67	1	0	14.93	0.00	0.000	0	0.00	7	3	1
petclinic-backend/src/main/java/victor/training/petclinic/domain/Specialty.java	448	22	1	0	45.45	0.00	0.000	0	0.00	6	0	1
petclinic-backend/src/main/java/victor/training/petclinic/domain/Visit.java	785	34	1	0	29.41	0.00	0.000	0	0.00	6	1	1
petclinic-backend/src/main/java/victor/training/petclinic/domain/PetType.java	368	19	1	0	52.63	0.00	0.000	0	0.00	6	0	1
petclinic-backend/src/main/java/victor/training/petclinic/rest/SpecialtyFeedController.java	1516	36	1	0	27.78	0.00	0.000	1	27.78	0	2	1
petclinic-backend/src/main/java/victor/training/petclinic/rest/dto/PetFieldsDto.java	769	29	1	0	34.48	0.00	0.000	0	0.00	2	1	1
petclinic-backend/src/main/java/victor/training/petclinic/rest/dto/RoleDto.java	372	16	1	0	62.50	0.00	0.000	0	0.00	1	0	1
petclinic-backend/src/main/java/victor/training/petclinic/rest/dto/VetFieldsDto.java	838	29	1	0	34.48	0.00	0.000	0	0.00	1	1	1
